{"cameraMode":{"drawMode":0,"name":"Shaded","section":"Shading Mode"},"sceneLighting":true,"audioPlay":false,"sceneViewState":{"m_AlwaysRefresh":false,"showFog":true,"showSkybox":true,"showFlares":true,"showImageEffects":true,"showParticleSystems":true,"showVisualEffectGraphs":true,"m_FxEnabled":true},"in2DMode":false,"pivot":{"x":3.098155975341797,"y":-0.2730374336242676,"z":-12.733611106872559},"rotation":{"x":0.009432695806026459,"y":-0.9798353910446167,"z":0.19384264945983888,"w":0.04766511917114258},"size":4.999983787536621,"orthographic":false}